date,campaign_id,impressions,clicks,ctr,spend,cpc,conversions,cpa,revenue,roi
2025-04-08,Healthy_Campaign_1,21081,929,0.04406811821071107,785.0527310803302,0.8450513789885148,106,7.406157840380474,8799.857507798992,11.209256600749981
2025-04-09,Healthy_Campaign_1,20348,865,0.04251032042461175,698.5841747188587,0.8076117626807615,96,7.276918486654778,7616.589129485792,10.902893888987746
2025-04-10,Healthy_Campaign_1,17122,613,0.03580189230230113,412.4979922052555,0.672916789894381,57,7.2368068807939565,3768.1039923873004,9.134842020060848
2025-04-11,Healthy_Campaign_1,18954,751,0.03962224332594703,554.0016684468957,0.7376853108480634,77,7.194826862946697,5580.184014460978,10.07250398740608
2025-04-12,Healthy_Campaign_1,15988,668,0.0417813360020015,514.5824336980257,0.7703329845778828,72,7.146978245805913,5448.75964003838,10.588701213294613
2025-04-13,Healthy_Campaign_1,15633,638,0.04081110471438623,475.97946494798396,0.7460493181002883,68,6.99969801394094,4983.82874105762,10.470680161805433
2025-04-14,Healthy_Campaign_1,20398,870,0.0426512403176782,671.1319459762317,0.7714160298577376,96,6.990957770585747,7275.227056899695,10.84023357928092
2025-04-15,Healthy_Campaign_1,23897,1194,0.049964430681675526,1068.9748192181125,0.8952887933150021,155,6.896611736891049,13632.68833869065,12.753049083665132
2025-04-16,Healthy_Campaign_1,19081,761,0.03988260573345213,538.9764491323517,0.7082476335510535,79,6.82248669787787,5496.660114129898,10.198330786026851
2025-04-17,Healthy_Campaign_1,23419,1146,0.04893462573124386,987.0110996886932,0.8612662300948457,146,6.7603499978677615,12353.127805003827,12.515692892308959
2025-04-18,Healthy_Campaign_1,21259,945,0.04445176160684886,732.1107262541793,0.7747203452425178,109,6.716612167469535,8295.797054006,11.331342045008922
2025-04-19,Healthy_Campaign_1,15117,597,0.03949196269101012,407.41876826675406,0.6824434979342614,61,6.6789962010943285,4089.622251716781,10.037883794884813
2025-04-20,Healthy_Campaign_1,17698,818,0.04621991185444683,647.7023046005148,0.7918121083135878,98,6.609207189801172,7623.157174585319,11.76953844449739
2025-04-21,Healthy_Campaign_1,22146,1025,0.04628375327372889,805.2706824699294,0.7856299341170043,123,6.546916117641702,9493.13799311658,11.788754017468001
2025-04-22,Healthy_Campaign_1,26608,1480,0.05562236921226699,1384.703421815666,0.9356104201457203,214,6.4705767374563825,19669.597960378713,14.204917566093199
2025-04-23,Healthy_Campaign_1,19953,832,0.041697990277151306,578.6596660847298,0.6955044063518387,90,6.429551845385887,6149.3477734102,10.626881626323316
2025-04-24,Healthy_Campaign_1,21430,960,0.04479701353243117,710.9501748918874,0.7405730988457161,112,6.347769418677566,8148.405154629749,11.461288628093886
2025-04-25,Healthy_Campaign_1,23394,1144,0.04890142771650851,916.9542833621355,0.8015334644773912,146,6.280508790151613,11496.381700216349,12.53757347428852
2025-04-26,Healthy_Campaign_1,16613,721,0.043399747185938725,508.6427780145547,0.7054684854570801,81,6.27954046931549,5613.701248437222,11.03662824104147
2025-04-27,Healthy_Campaign_1,17863,834,0.046688686110955606,627.3281871566753,0.7521920709312654,101,6.211170169868073,7463.401142566262,11.897123858555835
2025-04-28,Healthy_Campaign_1,22466,1055,0.0469598504406659,791.762569720888,0.7504858480766711,129,6.137694338921612,9510.840035809239,12.012237505950804
2025-04-29,Healthy_Campaign_1,25537,1363,0.05337353643732623,1153.1216822534523,0.8460173750942424,190,6.069061485544486,15791.360321692468,13.694444016378819
2025-04-30,Healthy_Campaign_1,23385,1143,0.04887748556767158,878.2695846753563,0.7683898378612042,145,6.057031618450734,10945.516868915325,12.462593558857247
2025-05-01,Healthy_Campaign_1,24341,1238,0.05086068772852389,982.0886998140041,0.7932865103505687,164,5.988345730573196,12780.874699061196,13.013971855578566
2025-05-02,Healthy_Campaign_1,20593,886,0.04302432865536833,589.8300703626614,0.6657224270458932,99,5.9578794986127415,6474.631297493554,10.977112939515916
2025-05-03,Healthy_Campaign_1,15632,638,0.04081371545547595,499.7359764080503,0.7832852294797027,68,7.349058476588975,5232.575574316241,10.470680161805435
2025-05-04,Healthy_Campaign_1,18791,895,0.04762918418391783,834.4654871504861,0.9323636727938391,111,7.51770709144582,10066.38667711423,12.06327503308579
2025-05-05,Healthy_Campaign_1,19376,739,0.038139966969446736,562.9435260452459,0.7617639053386277,74,7.607344946557377,5429.234478409246,9.644367911201234
2025-05-06,Healthy_Campaign_1,19382,718,0.037044680631513775,542.0774837803921,0.7549825679392648,70,7.743964054005601,5040.625118639659,9.298717009027682
2025-05-07,Healthy_Campaign_1,25427,1201,0.04723325598772958,1178.8263932932755,0.9815373799277898,151,7.806797306577983,14000.292567057133,11.876466837448945
2025-04-08,Friction_Campaign_2,11014,442,0.040130742691120394,583.3077188085407,1.3197007212862912,32,18.228366212766897,1792.397501403481,3.0728163602302687
2025-04-09,Friction_Campaign_2,13894,703,0.05059738016409961,1158.7391470943091,1.6482775918837969,65,17.82675610914322,4547.289546595523,3.9243427289036097
2025-04-10,Friction_Campaign_2,14964,815,0.05446404704624432,1432.646626481824,1.7578486214500906,82,17.471300322949073,6117.926041421421,4.27036641718504
2025-04-11,Friction_Campaign_2,13458,660,0.049041462327240305,1033.3157265946422,1.565629888779761,59,17.513825874485462,3920.5772252699558,3.7941716402502337
2025-04-12,Friction_Campaign_2,10769,528,0.049029622063329927,818.9115436074709,1.550968832589907,47,17.423649863988743,3093.9253149907504,3.7780946417745973
2025-04-13,Friction_Campaign_2,7862,281,0.03574154159247011,315.13650956972924,1.12148224046167,18,17.50758386498496,856.7888442073062,2.7187863614314964
2025-04-14,Friction_Campaign_2,14186,733,0.05167066121528267,1175.3864039131463,1.6035285182989718,70,16.791234341616377,4764.13024059262,4.053246000406058
2025-04-15,Friction_Campaign_2,14569,773,0.05305786258494063,1261.1709677029758,1.6315277719314045,75,16.815612902706345,5193.55376145539,4.118041006696046
2025-04-16,Friction_Campaign_2,14393,754,0.05238657680817064,1204.0424893504307,1.596873328050969,73,16.49373273082782,4947.68708132897,4.109229636902763
2025-04-17,Friction_Campaign_2,14210,735,0.05172413793103448,1148.1566833372349,1.5621179365132447,70,16.402238333389068,4641.098188019463,4.042216759588627
2025-04-18,Friction_Campaign_2,14847,803,0.05408500033676837,1298.6179196023515,1.617207869990475,80,16.232723995029396,5491.167994883864,4.228470831948252
2025-04-19,Friction_Campaign_2,13725,858,0.0625136612021858,1588.9904416460856,1.8519702117087244,99,16.050408501475612,7781.764596635006,4.8973010741169904
2025-04-20,Friction_Campaign_2,12502,711,0.056870900655895056,1188.739610247924,1.671926315397924,74,16.06404878713411,5251.1902211423285,4.417443631786727
2025-04-21,Friction_Campaign_2,19129,1333,0.06968477181243139,2703.837696031373,2.028385368365621,171,15.811916351060662,14721.615715652255,5.4447113217114635
2025-04-22,Friction_Campaign_2,13878,701,0.050511601095258686,1022.5365859103017,1.4586827188449383,65,15.731332090927719,4024.2327577979677,3.935539141824876
2025-04-23,Friction_Campaign_2,11627,492,0.04231530059344629,685.428543473655,1.3931474460846647,38,18.037593249306713,2246.9301781014683,3.2781392013737034
2025-04-24,Friction_Campaign_2,14340,706,0.049232914923291494,1189.7202932641644,1.685156222753774,64,18.58937958225257,4487.752196045421,3.772106957789754
2025-04-25,Friction_Campaign_2,13254,569,0.042930436094763845,870.1661071015653,1.5292901706530146,45,19.337024602257006,2808.522898265836,3.2275710066676115
2025-04-26,Friction_Campaign_2,11592,513,0.04425465838509317,842.9727629996632,1.6432217602332617,42,20.070780071420554,2763.430203462836,3.2781963128077245
2025-04-27,Friction_Campaign_2,11819,504,0.04264320162450292,830.6507975809178,1.6481166618669003,40,20.766269939522946,2590.795197027196,3.1189944132628296
2025-04-28,Friction_Campaign_2,14875,604,0.040605042016806724,986.8171936340163,1.6338033007185702,46,21.452547687696008,2899.838510535729,2.9385772048183423
2025-04-29,Friction_Campaign_2,17108,756,0.044189852700491,1399.7135467175883,1.8514729453936354,63,22.217675344723624,4420.269966535214,3.1579818434286144
2025-04-30,Friction_Campaign_2,18350,824,0.04490463215258855,1613.55197869887,1.9581941489063956,71,22.72608420702634,5176.284563154206,3.2080060831558947
2025-05-01,Friction_Campaign_2,16412,624,0.038020960272971,1078.3510280890225,1.7281266475785617,45,23.963356179756055,2845.3715776592303,2.6386320442440683
2025-05-02,Friction_Campaign_2,15551,531,0.03414571410198701,858.4626342637389,1.6166904600070413,35,24.527503836106824,2035.2689641072118,2.3708299964071955
2025-05-03,Friction_Campaign_2,13338,463,0.034712850502324186,792.7958821214114,1.7123021212125515,31,25.574060713593916,1877.4558800128298,2.3681453478151515
2025-05-04,Friction_Campaign_2,15523,594,0.038265799136764804,1170.0656769452899,1.9698075369449324,45,26.00145948767311,3083.794115515428,2.6355735205961612
2025-05-05,Friction_Campaign_2,22362,935,0.041812002504248276,2098.971497907362,2.2448893025747187,78,26.909890998812333,5993.448051543942,2.855421361137731
2025-05-06,Friction_Campaign_2,23139,949,0.04101300834089632,2181.0380185088834,2.2982487023275904,78,27.962025878319018,6038.512624463409,2.7686416161565934
2025-05-07,Friction_Campaign_2,22340,839,0.03755595344673232,1842.760323011266,2.1963770238513303,63,29.250163857321684,4588.242561490513,2.48987483841243
2025-04-08,Fatigue_Campaign_3,12863,246,0.01912462100598616,401.8511628399466,1.6335413123575064,15,26.790077522663108,692.4884107450905,1.7232460044439435
2025-04-09,Fatigue_Campaign_3,16465,403,0.02447616155481324,834.2969341812778,2.070215717571409,31,26.91280432842832,1813.712405915584,2.173941113298514
2025-04-10,Fatigue_Campaign_3,13111,255,0.01944931736709633,416.26789000579265,1.6324230980619319,16,26.01674312536204,738.1486709323926,1.77325392771016
2025-04-11,Fatigue_Campaign_3,11601,200,0.0172398931126627,286.0606126961081,1.4303030634805405,11,26.005510245100734,444.643432687334,1.5543678960084373
2025-04-12,Fatigue_Campaign_3,10967,223,0.020333728458101576,373.28524002801754,1.6739248431749665,14,26.663231430572683,662.3005547612684,1.7742479041270378
2025-04-13,Fatigue_Campaign_3,11677,253,0.021666523935942452,446.64956042793574,1.7654132823238566,17,26.273503554584455,848.1768981259708,1.8989762294030492
2025-04-14,Fatigue_Campaign_3,14660,319,0.021759890859481584,560.287226707722,1.756386290619818,22,25.46760121398736,1092.028185251516,1.9490506533021157
2025-04-15,Fatigue_Campaign_3,14266,302,0.021169213514650218,511.3338345287488,1.6931583924793008,20,25.56669172643744,957.0149265916648,1.8716049319788526
2025-04-16,Fatigue_Campaign_3,16483,404,0.024510101316507917,783.0050808767066,1.9381313883086797,32,24.468908777397083,1752.7675393357229,2.238513621614311
2025-04-17,Fatigue_Campaign_3,18601,514,0.027632922961131123,1113.9499075478118,2.1672177189646145,46,24.21630233799591,2817.4194130342667,2.5292155364834845
2025-04-18,Fatigue_Campaign_3,14425,309,0.021421143847487,566.0682212558521,1.8319359911192625,21,26.955629583612005,1087.2282242709412,1.9206664204870363
2025-04-19,Fatigue_Campaign_3,10494,185,0.017629121402706307,302.3679817289279,1.6344215228590695,10,30.236798172892787,444.1420181254122,1.4688791306071038
2025-04-20,Fatigue_Campaign_3,15928,387,0.02429683576092416,943.5505487578635,2.4381151130694145,31,30.43711447606011,1977.8041012520273,2.0961294589417667
2025-04-21,Fatigue_Campaign_3,13485,201,0.014905450500556174,326.71221188512317,1.6254338899757372,10,32.67122118851232,410.149716828311,1.2553853266204988
2025-04-22,Fatigue_Campaign_3,17198,298,0.017327596232120015,608.8523646497047,2.0431287404352507,17,35.814844979394394,846.2092988442015,1.38984316720369
2025-04-23,Fatigue_Campaign_3,19903,362,0.018188212832236345,844.5900956892192,2.3331218112961856,22,38.39045889496451,1208.8432136519489,1.4312779889580456
2025-04-24,Fatigue_Campaign_3,21938,400,0.018233202662047587,1016.0454939620889,2.5401137349052223,25,40.64181975848356,1447.313505039136,1.424457382705679
2025-04-25,Fatigue_Campaign_3,18079,246,0.013606947286907463,509.1019244248442,2.0695200179871716,11,46.28199312953129,502.62429314157237,0.9872763567126761
2025-04-26,Fatigue_Campaign_3,17367,257,0.014798180457188921,631.9206532347462,2.458835226594343,13,48.609281018057395,684.368443406438,1.0829974299830465
2025-04-27,Fatigue_Campaign_3,17920,248,0.013839285714285714,623.0002154076085,2.512097642772615,12,51.91668461730071,626.4262985397152,1.0054993289687149
2025-04-28,Fatigue_Campaign_3,28063,439,0.015643373837437195,1368.9486388026364,3.1183340291631807,25,54.757945552105454,1573.7137350525604,1.149578362873441
2025-04-29,Fatigue_Campaign_3,21074,222,0.010534307677707128,515.396284860395,2.321604886758536,9,57.266253873377224,410.07137536292856,0.7956428624121812
2025-04-30,Fatigue_Campaign_3,20643,191,0.00925253112435208,430.83641286294727,2.255688025460457,7,61.54805898042104,301.5133089840882,0.6998324653677825
2025-05-01,Fatigue_Campaign_3,27580,305,0.011058738216098622,912.2080024936762,2.9908459098153317,13,70.1698463456674,722.9111630816539,0.7924850046321156
2025-05-02,Fatigue_Campaign_3,25654,234,0.009121384579402822,646.339510148053,2.7621346587523634,9,71.81550112756145,450.35385713463916,0.6967759978520877
2025-05-03,Fatigue_Campaign_3,24234,230,0.009490798052323182,745.0812683969854,3.2394837756390666,9,82.78680759966504,514.9789343686599,0.6911714952606686
2025-05-04,Fatigue_Campaign_3,23578,189,0.008015947069301891,591.8850395789048,3.131666876078861,7,84.55500565412925,377.7642702016641,0.6382392609051643
2025-05-05,Fatigue_Campaign_3,26639,167,0.006269004091745186,469.85602768015036,2.8135091477853313,5,93.97120553603007,236.64655272963077,0.5036575861291822
2025-05-06,Fatigue_Campaign_3,29845,178,0.005964148098508963,557.8668633021223,3.134083501697316,5,111.57337266042445,257.4798508693453,0.4615435470486131
2025-05-07,Fatigue_Campaign_3,31781,168,0.005286177275730782,557.6356831148772,3.3192600185409358,5,111.52713662297545,266.4954138080785,0.47790236865666724
2025-04-08,Failure_Campaign_4,12264,381,0.031066536203522503,910.7582970407155,2.3904417245163136,8,113.84478713008944,301.8317894177684,0.33140712568690983
2025-04-09,Failure_Campaign_4,10569,283,0.02677642161036995,577.2621506972898,2.039795585502791,5,115.45243013945796,160.97316484031543,0.27885626079220993
2025-04-10,Failure_Campaign_4,12185,376,0.030857611817808783,875.5371701102639,2.3285563034847443,8,109.44214626378299,294.0177577359837,0.3358141353370018
2025-04-11,Failure_Campaign_4,11245,321,0.028546020453534906,683.1321117413723,2.128137419755054,6,113.85535195689539,201.53373295312792,0.29501428711848754
2025-04-12,Failure_Campaign_4,9110,263,0.028869374313940724,561.3039809052303,2.13423566884118,5,112.26079618104606,168.4260288482628,0.30006206009199776
2025-04-13,Failure_Campaign_4,8106,208,0.025660004934616332,410.8039044510801,1.9750187713994234,3,136.9346348170267,93.51673015985014,0.22764323597364064
2025-04-14,Failure_Campaign_4,12224,330,0.02699607329842932,771.7098022597887,2.33851455230239,6,128.61830037663145,208.9210946641012,0.27072494615504433
2025-04-15,Failure_Campaign_4,12948,322,0.024868705591597158,784.6455937656715,2.436787558278483,5,156.9291187531343,171.69849206925386,0.21882298636921974
2025-04-16,Failure_Campaign_4,12503,262,0.02095497080700632,607.6218523131678,2.3191673752410984,4,151.90546307829194,124.08146366258829,0.2042083628003504
2025-04-17,Failure_Campaign_4,14843,321,0.021626355857980194,872.4095915220787,2.717786889476881,5,174.48191830441573,172.96592319772645,0.19826228973016635
2025-04-18,Failure_Campaign_4,17517,389,0.022206998915339386,1233.324810079522,3.1705007971195935,6,205.55413501325367,230.95777955625965,0.18726435864155527
2025-04-19,Failure_Campaign_4,14527,289,0.019893990500447444,940.0006202661355,3.252597301958946,4,235.00015506653386,150.9900090475588,0.16062756320821375
2025-04-20,Failure_Campaign_4,14015,231,0.0164823403496254,717.9975030322804,3.1082142988410406,3,239.33250101076013,103.64317176496107,0.14435032340258902
2025-04-21,Failure_Campaign_4,18531,276,0.014893961469969241,899.6765484392254,3.259697639272556,3,299.8921828130751,104.28784373724693,0.11591704142801912
2025-04-22,Failure_Campaign_4,16759,190,0.011337191956560654,555.706448581653,2.9247707820087,1,555.706448581653,29.97560418655933,0.05394143663991484
2025-04-23,Failure_Campaign_4,26877,407,0.01514305912118168,1895.315786286564,4.656795543701631,5,379.0631572573128,229.68573481443818,0.12118599785656543
2025-04-24,Failure_Campaign_4,23854,261,0.010941561163746122,1071.5115668901171,4.105408302260985,2,535.7557834450586,78.06836692020323,0.07285816535493274
2025-04-25,Failure_Campaign_4,21028,160,0.007608902415826517,575.488326521048,3.5968020407565495,1,575.488326521048,33.00539387375938,0.05735197805537458
2025-04-26,Failure_Campaign_4,14764,74,0.005012191817935519,232.27754773542097,3.1388857802083914,0,,0.0,0.0
2025-04-27,Failure_Campaign_4,19336,89,0.0046028134050475795,363.90884649909924,4.088863443810104,0,,0.0,0.0
2025-04-28,Failure_Campaign_4,22235,57,0.0025635259725657745,213.3480387202171,3.742948047723107,0,,0.0,0.0
2025-04-29,Failure_Campaign_4,22578,22,0.0009743998582691115,83.22954584569207,3.783161174804185,0,,0.0,0.0
2025-04-30,Failure_Campaign_4,30214,1,3.309723969020984e-05,1.0,1.0,0,,0.0,0.0
2025-05-01,Failure_Campaign_4,25357,1,3.943684189770083e-05,1.0,1.0,0,,0.0,0.0
2025-05-02,Failure_Campaign_4,34734,1,2.879023435250763e-05,1.0,1.0,0,,0.0,0.0
2025-05-03,Failure_Campaign_4,23315,1,4.289084280506112e-05,1.0,1.0,0,,0.0,0.0
2025-05-04,Failure_Campaign_4,25299,1,3.9527254041661726e-05,1.0,1.0,0,,0.0,0.0
2025-05-05,Failure_Campaign_4,33040,1,3.026634382566586e-05,1.0,1.0,0,,0.0,0.0
2025-05-06,Failure_Campaign_4,34085,1,2.9338418659234267e-05,1.0,1.0,1,1.0,36.92259349119767,36.92259349119767
2025-05-07,Failure_Campaign_4,36181,1,2.7638815953124567e-05,1.0,1.0,2,0.5,76.23889113917811,76.23889113917811
2025-04-08,New_Campaign_5,4908,318,0.0647921760391198,314.91296477981126,0.9902923420748782,49,6.426795199587985,4434.531876976968,14.08176979972106
2025-04-09,New_Campaign_5,5190,355,0.06840077071290944,368.05995585161384,1.036788608032715,58,6.345861307786445,5495.49086908864,14.930966495317922
2025-04-10,New_Campaign_5,4980,327,0.06566265060240964,322.13205069279724,0.9851133048709395,51,6.316314719466613,4591.394833238206,14.253145017279921
2025-04-11,New_Campaign_5,5714,431,0.07542877143857193,482.3921993237769,1.1192394415864892,77,6.2648337574516475,7875.932977261161,16.32682491197357
2025-04-12,New_Campaign_5,3358,186,0.05539011316259678,151.4712029801387,0.8143613063448318,24,6.311300124172447,1786.1447544587154,11.791975763821716
2025-04-13,New_Campaign_5,3441,195,0.05666957279860506,161.17232354575845,0.8265247361320945,26,6.19893552099071,1963.8914708187629,12.185041622615772
2025-04-14,New_Campaign_5,4582,277,0.06045395024006984,241.58131774861198,0.8721347211141227,40,6.039532943715299,3188.0993631911956,13.196795981172318
2025-04-15,New_Campaign_5,5119,345,0.06739597577651885,333.0250243218884,0.965289925570691,55,6.055000442216152,4851.865392400354,14.569071505301471
2025-04-16,New_Campaign_5,4799,304,0.06334653052719316,272.5476594749299,0.8965383535359536,46,5.924949119020215,3768.9032181669195,13.828418946718562
2025-04-17,New_Campaign_5,5806,445,0.07664485015501206,478.2530595709185,1.0747259765638617,81,5.904358760134796,7955.565310082251,16.63463547357097
2025-04-18,New_Campaign_5,4358,250,0.05736576411197797,199.8302841600888,0.7993211366403552,34,5.877361298826141,2483.639136548816,12.42874245506809
2025-04-19,New_Campaign_5,4179,288,0.06891600861450108,273.4757515432889,0.9495685817475308,47,5.818633011559338,4078.6127739729677,14.9139832360141
2025-04-20,New_Campaign_5,3990,262,0.06566416040100251,235.37026568518795,0.8983597926915571,41,5.7407381874436085,3366.0645758045634,14.301146179215078
2025-04-21,New_Campaign_5,4680,289,0.061752136752136755,241.47427128941982,0.8355511117280963,42,5.749387411652853,3207.085898382367,13.281273740913386
2025-04-22,New_Campaign_5,5458,393,0.0720043972150971,379.6289253728945,0.9659769093457876,67,5.666103363774545,5914.660595549244,15.58011047166521
2025-04-23,New_Campaign_5,5172,353,0.06825212683681361,320.309121080818,0.9073912778493427,57,5.619458264575754,4726.696708873403,14.75667222002335
2025-04-24,New_Campaign_5,4751,298,0.06272363712902547,246.26112816137783,0.8263796247026102,44,5.596843821849496,3322.9251406173594,13.493502467997333
2025-04-25,New_Campaign_5,6054,483,0.07978196233894945,504.24630637848657,1.0439882119637403,92,5.480938112809636,8777.517473245893,17.407202318022534
2025-04-26,New_Campaign_5,4606,350,0.07598784194528875,344.5790670365412,0.9845116201044034,63,5.469509000580019,5668.258870065193,16.449806190531294
2025-04-27,New_Campaign_5,4682,361,0.07710380179410509,358.1859785115641,0.9922049266248313,66,5.427060280478244,5984.578872898559,16.70802106148146
2025-04-28,New_Campaign_5,6089,489,0.08030875348989983,500.61584547025024,1.0237542852152357,94,5.325700483726067,8794.51444655863,17.567391296409248
2025-04-29,New_Campaign_5,5341,376,0.07039880172252387,334.8654859914101,0.8905996967856651,63,5.315325174466826,5127.567341914545,15.312319592249876
2025-04-30,New_Campaign_5,6615,577,0.08722600151171579,631.1566981139379,1.0938590955180898,120,5.259639150949482,11995.84674734829,19.00613078050987
2025-05-01,New_Campaign_5,5747,436,0.07586566904471899,411.03063647069644,0.9427308175933404,79,5.202919448996157,6806.174443893741,16.558800828898733
2025-05-02,New_Campaign_5,5316,373,0.0701655379984951,322.59583252609616,0.8648681837160755,62,5.203158589130584,4900.381489745267,15.190467438381598
2025-05-03,New_Campaign_5,4511,335,0.07426291287962758,304.92173973728967,0.9102141484695214,59,5.168165080293045,4907.76629843324,16.095166919425314
2025-05-04,New_Campaign_5,4650,356,0.07655913978494623,331.3318626373597,0.930707479318426,65,5.097413271343995,5528.59581981273,16.685976941081993
2025-05-05,New_Campaign_5,6815,613,0.08994864269992663,663.5950835669086,1.0825368410553158,131,5.065611324938233,12959.918228114226,19.529858718140293
2025-05-06,New_Campaign_5,5470,395,0.07221206581352833,340.57713952779955,0.8622206063994925,68,5.008487345997052,5358.158928195963,15.73258538616214
2025-05-07,New_Campaign_5,5714,431,0.07542877143857193,385.1609434406262,0.8936448803726826,77,5.0020901745535875,6288.45528648566,16.32682491197357
2025-04-08,Healthy_Campaign_6,12713,597,0.04695980492409345,638.3171746498082,1.0692079977383722,40,15.957929366245205,2743.0064753558604,4.297246861422335
2025-04-09,Healthy_Campaign_6,17489,1130,0.06461204185488022,1645.6331532242086,1.4563125249771758,105,15.672696697373416,9807.278914238655,5.9595778652269695
2025-04-10,Healthy_Campaign_6,13749,698,0.05076732853298422,791.3109243094857,1.133683272649693,51,15.515900476656583,3708.229100123238,4.686184641465825
2025-04-11,Healthy_Campaign_6,15204,854,0.056169429097605895,1060.2232976361902,1.2414792712367566,69,15.365555038205654,5494.057573890507,5.181981556281329
2025-04-12,Healthy_Campaign_6,14400,958,0.06652777777777778,1394.4735295373403,1.455609112251921,92,15.15732097323196,8588.89386027893,6.159237646575163
2025-04-13,Healthy_Campaign_6,11123,571,0.05133507147352333,635.9360038147503,1.1137232991501755,42,15.14133342416072,3000.0689661645292,4.717564264592977
2025-04-14,Healthy_Campaign_6,13615,685,0.050312155710613295,739.963825951237,1.0802391619726088,49,15.10130257043341,3394.8503963233616,4.587859942963049
2025-04-15,Healthy_Campaign_6,15165,850,0.05605011539729641,1013.2052576787868,1.192006185504455,68,14.900077318805687,5198.667777562909,5.130912752538268
2025-04-16,Healthy_Campaign_6,13588,682,0.0501913453046806,721.634082898432,1.0581144910534193,49,14.727226181600653,3325.3195456723106,4.608041145058195
2025-04-17,Healthy_Campaign_6,16345,987,0.06038543897216274,1244.8016790040936,1.2611972431652416,86,14.474438127954576,6956.4249948043425,5.588380150940869
2025-04-18,Healthy_Campaign_6,18073,1207,0.06678470646821225,1667.8757538515126,1.3818357529838547,116,14.378239257340626,10280.614096002359,6.163896844391456
2025-04-19,Healthy_Campaign_6,14282,942,0.06595714885870327,1274.2134527192945,1.352668208831523,89,14.317005086733646,7721.220100944517,6.059597067090045
2025-04-20,Healthy_Campaign_6,13187,803,0.060893304011526504,993.9912096306637,1.2378470854678252,70,14.199874423295196,5557.374721954292,5.590969686763367
2025-04-21,Healthy_Campaign_6,14584,786,0.05389467910038398,853.1766155767373,1.0854664320314724,61,13.986501894700611,4246.693088403902,4.977507600267722
2025-04-22,Healthy_Campaign_6,16835,1047,0.06219186219186219,1300.3355298279866,1.2419632567602548,94,13.833356700297731,7487.5760069468,5.758187664023366
2025-04-23,Healthy_Campaign_6,16187,968,0.05980107493667758,1145.89176001306,1.1837724793523348,83,13.805924819434459,6301.602059553215,5.499299566899228
2025-04-24,Healthy_Campaign_6,17105,1081,0.06319789535223619,1340.5867879716977,1.2401357890579998,98,13.679457020119365,7794.709955322078,5.8144015928393875
2025-04-25,Healthy_Campaign_6,17835,1176,0.06593776282590412,1507.6541343562444,1.2820188217315003,111,13.582469678885085,9126.87332596503,6.053691704206502
2025-04-26,Healthy_Campaign_6,12268,695,0.056651450929246824,759.6450212511464,1.0930144190663977,56,13.565089665199043,3925.71313504719,5.167825793923434
2025-04-27,Healthy_Campaign_6,15764,1148,0.07282415630550622,1598.7319630662282,1.3926236612075158,120,13.322766358885236,10718.145754164261,6.704154293386237
2025-04-28,Healthy_Campaign_6,16062,953,0.05933258622836508,1072.8037245157689,1.125712197812979,81,13.244490426120603,5848.130209839575,5.451258302145851
2025-04-29,Healthy_Campaign_6,19336,1382,0.07147290028961523,1857.3477727424088,1.3439564202188197,142,13.079913892552174,12239.908565257647,6.589992862341118
2025-04-30,Healthy_Campaign_6,19589,1418,0.0723875644494359,1914.8902132212836,1.350416229352104,148,12.938447386630294,12818.405526972103,6.6940681186148066
2025-05-01,Healthy_Campaign_6,20387,1536,0.07534212978859077,2141.11157197545,1.3939528463381834,167,12.821027377098503,14930.322784552143,6.97316430398674
2025-05-02,Healthy_Campaign_6,18187,1222,0.06719085060757685,1507.3637972969632,1.2335219290482513,118,12.774269468618332,9335.412759526682,6.193204836328922
2025-05-03,Healthy_Campaign_6,13109,794,0.06056907468151652,1094.2569488379597,1.3781573662946596,69,15.85879635997043,6098.91448993852,5.573567064312664
2025-05-04,Healthy_Campaign_6,13625,832,0.061064220183486236,1180.1050446411655,1.4183954863475547,73,16.165822529331034,6575.116766091176,5.571636860590213
2025-05-05,Healthy_Campaign_6,18250,1160,0.06356164383561644,1746.1804945344757,1.5053280125297204,107,16.31944387415398,10127.899711983768,5.800030262440781
2025-05-06,Healthy_Campaign_6,19291,1259,0.06526359442226945,1984.8100623931055,1.5764972695735548,120,16.540083853275878,11779.907686597151,5.935030212610872
2025-05-07,Healthy_Campaign_6,14569,697,0.047841306884480746,822.405591941827,1.1799219396582883,49,16.78378759064953,3565.5018008705233,4.335454228189064
2025-04-08,Friction_Campaign_7,11377,517,0.04544255954996924,542.0960518741405,1.0485416864103296,42,12.907048854146202,3341.2353525868198,6.163548583383819
2025-04-09,Friction_Campaign_7,10998,483,0.04391707583196945,484.70496130922567,1.003529940598811,38,12.755393718663834,2893.2503026840386,5.96909570487817
2025-04-10,Friction_Campaign_7,12729,647,0.050828816089245034,744.1161418568635,1.150102228526837,59,12.612137997573956,5148.260725120727,6.918625246152818
2025-04-11,Friction_Campaign_7,11731,550,0.046884323587076976,577.318868481822,1.0496706699669491,46,12.550410184387436,3663.3884365764065,6.34552001775039
2025-04-12,Friction_Campaign_7,11043,609,0.05514805759304537,744.9520154784888,1.223238120654333,61,12.212328122598176,5661.25761881486,7.599492989059956
2025-04-13,Friction_Campaign_7,9536,454,0.04760906040268456,475.0170748234989,1.0462931163513192,39,12.17992499547433,3095.9222926192433,6.517496857917347
2025-04-14,Friction_Campaign_7,11969,572,0.047790124488261344,595.2368235160777,1.0406238173358002,49,12.14769027583832,3868.672068713377,6.4993829613246055
2025-04-15,Friction_Campaign_7,13299,707,0.05316189187156929,809.8111745651255,1.1454189173481266,68,11.908987861251845,5909.426569803698,7.297289486005306
2025-04-16,Friction_Campaign_7,11190,500,0.044682752457551385,477.4356678995673,0.9548713357991346,40,11.935891697489183,2897.8568231558306,6.069627843065591
2025-04-17,Friction_Campaign_7,10936,478,0.04370885149963424,441.97951962209373,0.9246433464897359,38,11.631039990055099,2665.8144753607367,6.031533944468945
2025-04-18,Friction_Campaign_7,11147,496,0.04449627702520858,463.2118846251727,0.9338949286797836,40,11.580297115629318,2834.1973308062843,6.118576454703216
2025-04-19,Friction_Campaign_7,10325,532,0.05152542372881356,570.0533354408977,1.071528826016725,49,11.633741539610158,3983.5659831860808,6.988058371950515
2025-04-20,Friction_Campaign_7,9745,474,0.04864032837352488,475.1155855297626,1.0023535559699632,41,11.58818501292104,3118.0054391044355,6.562625041289273
2025-04-21,Friction_Campaign_7,13122,688,0.05243103185490017,736.2924048802846,1.070192448953902,65,11.327575459696686,5277.731782057438,7.167983462922663
2025-04-22,Friction_Campaign_7,12830,658,0.05128604832424006,682.4899314886623,1.0372187408642284,61,11.188359532601021,4800.342958535452,7.033573298385278
2025-04-23,Friction_Campaign_7,10219,417,0.04080634112926901,392.71529955757853,0.9417633082915552,30,13.090509985252618,2143.5572990939954,5.458298420023014
2025-04-24,Friction_Campaign_7,9848,365,0.03706336311941511,324.91587740232205,0.8901804860337591,24,13.538161558430085,1589.136548054166,4.89091687595938
2025-04-25,Friction_Campaign_7,10561,396,0.03749644919988637,371.1450552009904,0.9372349878812889,27,13.746113155592237,1846.0820264947936,4.9740175724423
2025-04-26,Friction_Campaign_7,9400,370,0.039361702127659576,379.1877216667095,1.024831680180296,26,14.584143141027287,1907.181832693731,5.0296508133511395
2025-04-27,Friction_Campaign_7,9767,378,0.038701750793488275,395.9647777014896,1.0475258669351577,27,14.665362137092208,1986.9038025878297,5.017880161264543
2025-04-28,Friction_Campaign_7,13944,583,0.0418100975329891,686.742064711899,1.1779452224903928,45,15.260934771375535,3656.0910272900005,5.323819837399648
2025-04-29,Friction_Campaign_7,10849,333,0.030694073186468798,300.73510002094673,0.9031084084713115,19,15.828163158997196,1162.3784250660533,3.865123908001067
2025-04-30,Friction_Campaign_7,15203,620,0.0407814247188055,773.6652614726829,1.247847195923682,47,16.460963010057082,3903.2510960600443,5.045141988965809
2025-05-01,Friction_Campaign_7,17097,743,0.04345791659355443,1028.771451717446,1.3846183737785278,61,16.865105765859774,5524.258752628097,5.369762879214639
2025-05-02,Friction_Campaign_7,15279,562,0.03678251194449898,686.6302905008466,1.22176208274172,39,17.60590488463709,3063.6653076846083,4.461884874682543
2025-05-03,Friction_Campaign_7,10960,343,0.0312956204379562,371.19629689039687,1.0822049472023232,20,18.559814844519842,1368.4544332171974,3.686605832765786
2025-05-04,Friction_Campaign_7,13045,460,0.03526255270218474,585.6488613922144,1.273149698678727,31,18.89189875458756,2454.44560086291,4.190985012808119
2025-05-05,Friction_Campaign_7,19902,813,0.04085016581248116,1249.3686924426383,1.5367388590930362,65,19.22105680680982,6111.725230178187,4.891850794043162
2025-05-06,Friction_Campaign_7,17864,621,0.03476265114196149,847.482403064547,1.3647059630669034,42,20.178152453917786,3451.357212928549,4.072482449721947
2025-05-07,Friction_Campaign_7,16953,530,0.031262903320946146,679.4304585342971,1.2819442613854664,33,20.58880177376658,2507.5245235487455,3.6906271893640277
2025-04-08,Fatigue_Campaign_8,8248,212,0.025703200775945685,349.69136953400323,1.6494875921415246,13,26.89933611800025,861.5155085358924,2.4636453272608447
2025-04-09,Fatigue_Campaign_8,9139,261,0.0285589232957654,472.2946165245752,1.809557917718679,18,26.238589806920842,1308.6264303413216,2.7707841346381916
2025-04-10,Fatigue_Campaign_8,8837,244,0.027611180264795747,422.7373986811894,1.732530322463891,16,26.421087417574338,1113.7084670209092,2.634516062442871
2025-04-11,Fatigue_Campaign_8,9186,263,0.028630524711517526,469.06299622110043,1.7835094913349827,18,26.05905534561669,1289.7888684701438,2.7497135328538707
2025-04-12,Fatigue_Campaign_8,7043,193,0.027403095271901177,326.70264336002975,1.6927598101555945,13,25.130972566156135,884.1162768505344,2.706180359478233
2025-04-13,Fatigue_Campaign_8,7311,208,0.02845028039939817,362.01377412862496,1.7404508371568508,14,25.858126723473212,978.9499540425281,2.704178746786312
2025-04-14,Fatigue_Campaign_8,8421,221,0.026243914024462654,351.0859719245556,1.5886243073509305,14,25.077569423182545,893.5522104218346,2.5451094087400588
2025-04-15,Fatigue_Campaign_8,8087,204,0.025225670829726723,308.34251273978106,1.5114829055871621,12,25.695209394981756,728.7107566965275,2.3633158795443396
2025-04-16,Fatigue_Campaign_8,8994,252,0.028018679119412943,419.6883584597124,1.6654299938877475,17,24.68755049763014,1137.4858365882362,2.7103106713821994
2025-04-17,Fatigue_Campaign_8,9858,303,0.030736457699330495,547.9932740686055,1.8085586602924273,23,23.825794524721978,1671.2104017740037,3.049691448520914
2025-04-18,Fatigue_Campaign_8,8867,245,0.027630540205255443,434.4124065875074,1.7731118636224792,17,25.55367097573573,1211.0323693936568,2.7877481191359763
2025-04-19,Fatigue_Campaign_8,7008,173,0.02468607305936073,297.35753116385473,1.7188296599066748,10,29.735753116385474,664.0032336665107,2.2330130031265996
2025-04-20,Fatigue_Campaign_8,8394,226,0.026923993328568024,457.2629677686484,2.023287468002869,15,30.484197851243227,1129.0048032533625,2.469049284184721
2025-04-21,Fatigue_Campaign_8,8778,179,0.020391888812941444,298.23024393226177,1.666090748224926,9,33.136693770251306,537.8904504217923,1.8036079886785912
2025-04-22,Fatigue_Campaign_8,10638,239,0.022466629065613836,475.6475888601014,1.9901572755652779,14,33.97482777572153,965.001835799932,2.0288168349861238
2025-04-23,Fatigue_Campaign_8,10671,218,0.020429200637241123,429.4127507140626,1.9697832601562506,11,39.03752279218751,725.4384590364457,1.6893733542614358
2025-04-24,Fatigue_Campaign_8,12803,286,0.022338514410684997,667.6163101063302,2.334322762609546,17,39.27154765331354,1285.7568171577896,1.925891859881328
2025-04-25,Fatigue_Campaign_8,13676,296,0.021643755484059668,729.7165183542244,2.4652585079534606,17,42.92450107966026,1315.4432369837107,1.8026770723931433
2025-04-26,Fatigue_Campaign_8,9559,163,0.017051992886285176,347.36576206024745,2.1310782948481437,7,49.62368029432106,454.0400983312577,1.3070951369482078
2025-04-27,Fatigue_Campaign_8,11583,217,0.0187343520676854,554.8468540492291,2.5568979449273233,11,50.44062309538447,830.879158397892,1.4974927808172662
2025-04-28,Fatigue_Campaign_8,13767,222,0.016125517541948138,534.792869977297,2.408976891789626,10,53.479286997729695,691.313905792646,1.2926759958897613
2025-04-29,Fatigue_Campaign_8,15225,244,0.016026272577996718,644.4407272092919,2.641150521349557,11,58.58552065539018,810.5765589573647,1.2577984673121343
2025-04-30,Fatigue_Campaign_8,14721,204,0.013857754228652945,516.7432147735183,2.5330549743799917,8,64.59290184668978,550.1024527572283,1.0645567024974503
2025-05-01,Fatigue_Campaign_8,14088,167,0.011854060193072119,401.7679144524244,2.405795894924697,6,66.96131907540406,381.53741804253195,0.9496463115093078
2025-05-02,Fatigue_Campaign_8,15536,180,0.011585993820803296,474.10871088818476,2.6339372827121377,6,79.01811848136413,407.0078411587573,0.858469443424226
2025-05-03,Fatigue_Campaign_8,11067,100,0.009035872413481522,232.96255047715118,2.3296255047715118,3,77.65418349238372,175.49230524357412,0.7533069366047582
2025-05-04,Fatigue_Campaign_8,14121,143,0.010126761560795977,422.343558319193,2.9534514567775734,5,84.4687116638386,361.76511696194706,0.8565659635053252
2025-05-05,Fatigue_Campaign_8,15854,124,0.007821370001261511,326.9534629970863,2.636721475782954,3,108.98448766569544,189.16767405733663,0.5785767562248527
2025-05-06,Fatigue_Campaign_8,18253,140,0.007669972059387498,422.5589084192836,3.018277917280597,4,105.6397271048209,282.00802377531005,0.6673815606686675
2025-05-07,Fatigue_Campaign_8,18104,114,0.006296950950066283,339.4310139911362,2.9774650350099665,3,113.14367133037872,203.9040967610125,0.6007232349320243
2025-04-08,Failure_Campaign_9,6837,173,0.025303495685242067,302.06109940850376,1.746017915656091,4,75.51527485212594,231.08120615216393,0.7650147821241043
2025-04-09,Failure_Campaign_9,5847,126,0.021549512570549,186.29206336110886,1.4785084393738799,2,93.14603168055443,97.83849020480633,0.5251887194740875
2025-04-10,Failure_Campaign_9,6267,145,0.023137067177277804,227.51287905448646,1.5690543383068032,3,75.83762635149549,155.7453817181956,0.6845563309007071
2025-04-11,Failure_Campaign_9,6321,147,0.023255813953488372,230.3956646825546,1.5673174468200994,3,76.79855489418487,155.57297670901556,0.6752426393238268
2025-04-12,Failure_Campaign_9,4796,106,0.022101751459549623,156.05875359571138,1.4722523924123716,2,78.02937679785569,97.42450393792812,0.6242809306956135
2025-04-13,Failure_Campaign_9,5656,148,0.02616690240452617,267.2212064910852,1.8055486925073323,4,66.8053016227713,238.95995905304179,0.8942402520775004
2025-04-14,Failure_Campaign_9,7252,169,0.023303916161059018,307.1763138992624,1.8176113248477066,4,76.7940784748156,226.94001790376268,0.7387940008232112
2025-04-15,Failure_Campaign_9,7813,171,0.02188659925764751,329.40498181934385,1.9263449229201395,4,82.35124545483596,227.6312902501135,0.6910377887816941
2025-04-16,Failure_Campaign_9,8419,173,0.020548758759947737,353.9446309298363,2.045922722137782,3,117.98154364327877,172.10140342041433,0.4862382089771849
2025-04-17,Failure_Campaign_9,10127,218,0.021526612027253877,529.6039314011434,2.429375832115337,5,105.92078628022868,324.11487617164045,0.6119948454954779
2025-04-18,Failure_Campaign_9,10246,194,0.018934218231504978,471.3243347570449,2.429506880190953,4,117.83108368926122,247.3379238884346,0.5247722335744254
2025-04-19,Failure_Campaign_9,8711,151,0.017334404775571115,385.84321072085953,2.55525305113152,3,128.61440357361985,186.49715052557897,0.4833495713897669
2025-04-20,Failure_Campaign_9,7195,89,0.012369701181375956,186.07722159359065,2.0907552988043894,1,186.07722159359065,48.715907874015954,0.26180478973625193
2025-04-21,Failure_Campaign_9,9543,106,0.011107618149428901,233.12807053324218,2.1993214201249263,1,233.12807053324218,49.168043528299,0.21090571982959913
2025-04-22,Failure_Campaign_9,11554,132,0.011424614851999308,348.7088501442367,2.6417337132139145,1,348.7088501442367,56.757630519586726,0.16276509901056432
2025-04-23,Failure_Campaign_9,11778,114,0.00967906265919511,304.7895148726278,2.6735922357248056,1,304.7895148726278,55.28803150537432,0.1813974195551947
2025-04-24,Failure_Campaign_9,12801,109,0.008514959768768066,314.62462670811254,2.8864644652120415,1,314.62462670811254,57.53260861831726,0.1828611104612994
2025-04-25,Failure_Campaign_9,13396,94,0.007017020005971932,282.1858147756693,3.001976752932652,1,282.1858147756693,57.74771661983242,0.20464429321417313
2025-04-26,Failure_Campaign_9,13130,86,0.00654988575780655,314.5134992192286,3.6571337118514955,0,,0.0,0.0
2025-04-27,Failure_Campaign_9,12170,51,0.00419063270336894,171.95790117962298,3.371723552541627,0,,0.0,0.0
2025-04-28,Failure_Campaign_9,16908,48,0.0028388928317956,178.98591309779587,3.728873189537414,0,,0.0,0.0
2025-04-29,Failure_Campaign_9,13116,11,0.0008386703263189997,31.673053117938633,2.8793684652671483,0,,0.0,0.0
2025-04-30,Failure_Campaign_9,19137,1,5.225479437738412e-05,1.0,1.0,0,,0.0,0.0
2025-05-01,Failure_Campaign_9,16038,1,6.235191420376606e-05,1.0,1.0,0,,0.0,0.0
2025-05-02,Failure_Campaign_9,19463,1,5.137954066690644e-05,1.0,1.0,0,,0.0,0.0
2025-05-03,Failure_Campaign_9,12932,1,7.732755954222085e-05,1.0,1.0,0,,0.0,0.0
2025-05-04,Failure_Campaign_9,15342,1,6.518055012384304e-05,1.0,1.0,0,,0.0,0.0
2025-05-05,Failure_Campaign_9,21073,1,4.745408816969582e-05,1.0,1.0,0,,0.0,0.0
2025-05-06,Failure_Campaign_9,22665,1,4.412089124200309e-05,1.0,1.0,1,1.0,67.42925450159585,67.42925450159585
2025-05-07,Failure_Campaign_9,19903,1,5.024368185700648e-05,1.0,1.0,1,1.0,57.59062085400684,57.59062085400684
2025-04-08,New_Campaign_10,4978,186,0.037364403374849336,124.01182432965267,0.6667302383314659,17,7.294813195861922,1355.985844093363,10.934327040370222
2025-04-09,New_Campaign_10,6268,295,0.04706445437141034,245.20473181270378,0.8312024807210298,35,7.005849480362965,3480.4144025835108,14.193912070350978
2025-04-10,New_Campaign_10,4880,179,0.03668032786885246,114.72253695788143,0.6409080276976616,16,7.170158559867589,1226.7943753806583,10.693577808787968
2025-04-11,New_Campaign_10,6361,304,0.047791227794371956,251.48059732793504,0.8272388069997864,37,6.796772900755001,3661.750131418556,14.560766000740688
2025-04-12,New_Campaign_10,4325,175,0.04046242774566474,121.86860990627025,0.6963920566072586,18,6.770478328126125,1499.6240471841022,12.305252749969581
2025-04-13,New_Campaign_10,4400,181,0.04113636363636364,126.99365416395942,0.7016223986959084,19,6.683876534945233,1594.8253423362219,12.558307364533105
2025-04-14,New_Campaign_10,6275,296,0.04717131474103586,234.71123079627105,0.7929433472846995,35,6.706035165607744,3320.2156036979973,14.1459596647079
2025-04-15,New_Campaign_10,5999,270,0.045007501250208366,202.77309692537565,0.751011470093984,31,6.5410676427540535,2785.2510455642982,13.735801680778804
2025-04-16,New_Campaign_10,6458,313,0.048467017652524,250.68119344104798,0.8008983816007923,38,6.596873511606526,3640.969951891755,14.524304364092602
2025-04-17,New_Campaign_10,5698,244,0.04282204282204282,170.84846322161343,0.7001986197607107,26,6.571094739292824,2177.9639172542243,12.747928053816395
2025-04-18,New_Campaign_10,5278,209,0.03959833270178098,134.32159603011922,0.642687062345068,21,6.396266477624725,1614.6371263470185,12.020681514124988
2025-04-19,New_Campaign_10,6005,338,0.05628642797668609,306.1670912984512,0.90581979674098,48,6.378481068717734,5201.626054251121,16.989500838222302
2025-04-20,New_Campaign_10,4349,177,0.04069901126695792,115.08853446136202,0.6502177088212543,18,6.393807470075668,1400.1913186715406,12.166210346015124
2025-04-21,New_Campaign_10,5677,242,0.042628148670072225,162.84694979071244,0.6729212801269109,26,6.263344222719709,2093.1179038453324,12.85328283112066
2025-04-22,New_Campaign_10,6488,316,0.04870530209617756,240.89254601926015,0.7623181836052536,39,6.176731949211799,3556.779713289971,14.765005277521517
2025-04-23,New_Campaign_10,6287,297,0.04724033720375378,217.48344993173933,0.7322675081876745,35,6.213812855192552,3066.153483841306,14.098330170887335
2025-04-24,New_Campaign_10,7054,374,0.05301956336830167,304.62147430592626,0.8144959206040809,50,6.092429486118525,4872.0866088865705,15.993903975376389
2025-04-25,New_Campaign_10,6571,324,0.0493075635367524,243.74944990138943,0.752313116979597,41,5.94510853418023,3690.103716382284,15.138921207309972
2025-04-26,New_Campaign_10,4860,222,0.04567901234567901,153.09913794780988,0.6896357565216661,25,6.123965517912395,2062.604028677399,13.472342537817047
2025-04-27,New_Campaign_10,5756,311,0.05403057678943711,251.88161014189814,0.8099087142826307,43,5.857711863765073,4166.396613234516,16.541090915241355
2025-04-28,New_Campaign_10,5070,193,0.03806706114398422,109.22059207653506,0.565909803505363,18,6.067810670918615,1218.6410540183447,11.157612597122677
2025-04-29,New_Campaign_10,5349,215,0.04019442886520845,127.31498864436773,0.5921627378807801,22,5.787044938380351,1558.5467672854109,12.241659712502038
2025-04-30,New_Campaign_10,6685,336,0.050261780104712044,246.6100084734474,0.7339583585519268,43,5.7351164761266835,3775.686772347516,15.310354984047802
2025-05-01,New_Campaign_10,7956,476,0.05982905982905983,412.4217628346016,0.8664322748626084,73,5.64961318951509,7566.822799888649,18.34729270318177
2025-05-02,New_Campaign_10,6461,313,0.048444513233245626,218.44090341199689,0.6978942601022264,38,5.748444826631497,3172.7021667231966,14.5243043640926
2025-05-03,New_Campaign_10,5286,262,0.04956488838441166,185.5043794579891,0.7080319826640805,33,5.6213448320602755,2795.264427642736,15.068455180465296
2025-05-04,New_Campaign_10,5777,313,0.05418037043448157,240.28935200009278,0.7676976102239386,43,5.588124465118437,3949.250905465711,16.43539704357847
2025-05-05,New_Campaign_10,6659,333,0.05000750863493017,233.88223609498144,0.7023490573422866,42,5.56862466892813,3529.05458996405,15.089023642355091
2025-05-06,New_Campaign_10,7134,382,0.05354639753294085,285.15508342501624,0.7464792759817179,52,5.483751604327235,4643.839282693387,16.285311231053402
2025-05-07,New_Campaign_10,7937,473,0.05959430515308051,389.8189868566152,0.8241416212613429,72,5.4141525952307665,7098.88966597337,18.2107334566146
